descriptor,ui,label
http://id.nlm.nih.gov/mesh/D050153,D050153,Abdominal Fat
http://id.nlm.nih.gov/mesh/D000009,D000009,Abdominal Muscles
http://id.nlm.nih.gov/mesh/D000071596,D000071596,Abdominal Oblique Muscles
http://id.nlm.nih.gov/mesh/D000010,D000010,Abducens Nerve
http://id.nlm.nih.gov/mesh/D065827,D065827,Abducens Nucleus
http://id.nlm.nih.gov/mesh/D000050,D000050,Acanthocytes
http://id.nlm.nih.gov/mesh/D000055,D000055,Accessory Nerve
http://id.nlm.nih.gov/mesh/D000077,D000077,Acetabulum
http://id.nlm.nih.gov/mesh/D000125,D000125,Achilles Tendon
http://id.nlm.nih.gov/mesh/D000173,D000173,Acromioclavicular Joint
http://id.nlm.nih.gov/mesh/D000174,D000174,Acromion
http://id.nlm.nih.gov/mesh/D000177,D000177,Acrosome
http://id.nlm.nih.gov/mesh/D000234,D000234,Adenoids
http://id.nlm.nih.gov/mesh/D000273,D000273,Adipose Tissue
http://id.nlm.nih.gov/mesh/D000069796,D000069796,"Adipose Tissue, Beige"
http://id.nlm.nih.gov/mesh/D002001,D002001,"Adipose Tissue, Brown"
http://id.nlm.nih.gov/mesh/D052436,D052436,"Adipose Tissue, White"
http://id.nlm.nih.gov/mesh/D000290,D000290,Adnexa Uteri
http://id.nlm.nih.gov/mesh/D000302,D000302,Adrenal Cortex
http://id.nlm.nih.gov/mesh/D000311,D000311,Adrenal Glands
http://id.nlm.nih.gov/mesh/D000313,D000313,Adrenal Medulla
http://id.nlm.nih.gov/mesh/D000320,D000320,Adrenergic Fibers
http://id.nlm.nih.gov/mesh/D059331,D059331,Adrenergic Neurons
http://id.nlm.nih.gov/mesh/D063194,D063194,Adventitia
http://id.nlm.nih.gov/mesh/D000344,D000344,Afferent Pathways
http://id.nlm.nih.gov/mesh/D056809,D056809,Alveolar Epithelial Cells
http://id.nlm.nih.gov/mesh/D000539,D000539,Alveolar Process
http://id.nlm.nih.gov/mesh/D025042,D025042,Amacrine Cells
http://id.nlm.nih.gov/mesh/D014670,D014670,Ampulla of Vater
http://id.nlm.nih.gov/mesh/D000679,D000679,Amygdala
http://id.nlm.nih.gov/mesh/D001003,D001003,Anal Canal
http://id.nlm.nih.gov/mesh/D000843,D000843,Ankle Joint
http://id.nlm.nih.gov/mesh/D000070616,D000070616,Annulus Fibrosus
http://id.nlm.nih.gov/mesh/D057866,D057866,Anterior Capsule of the Lens
http://id.nlm.nih.gov/mesh/D020771,D020771,Anterior Cerebral Artery
http://id.nlm.nih.gov/mesh/D000867,D000867,Anterior Chamber
http://id.nlm.nih.gov/mesh/D066240,D066240,"Anterior Commissure, Brain"
http://id.nlm.nih.gov/mesh/D016118,D016118,Anterior Cruciate Ligament
http://id.nlm.nih.gov/mesh/D000869,D000869,Anterior Eye Segment
http://id.nlm.nih.gov/mesh/D000870,D000870,Anterior Horn Cells
http://id.nlm.nih.gov/mesh/D007025,D007025,Anterior Hypothalamic Nucleus
http://id.nlm.nih.gov/mesh/D020643,D020643,Anterior Thalamic Nuclei
http://id.nlm.nih.gov/mesh/D000921,D000921,Antibody-Producing Cells
http://id.nlm.nih.gov/mesh/D000938,D000938,Antigen-Presenting Cells
http://id.nlm.nih.gov/mesh/D001011,D001011,Aorta
http://id.nlm.nih.gov/mesh/D001012,D001012,"Aorta, Abdominal"
http://id.nlm.nih.gov/mesh/D001013,D001013,"Aorta, Thoracic"
http://id.nlm.nih.gov/mesh/D001016,D001016,Aortic Bodies
http://id.nlm.nih.gov/mesh/D001021,D001021,Aortic Valve
http://id.nlm.nih.gov/mesh/D001050,D001050,Apocrine Glands
http://id.nlm.nih.gov/mesh/D000070606,D000070606,Aponeurosis
http://id.nlm.nih.gov/mesh/D001065,D001065,Appendix
http://id.nlm.nih.gov/mesh/D001082,D001082,Aqueous Humor
http://id.nlm.nih.gov/mesh/D001099,D001099,Arachnoid
http://id.nlm.nih.gov/mesh/D001111,D001111,Arcuate Nucleus of Hypothalamus
http://id.nlm.nih.gov/mesh/D031608,D031608,Area Postrema
http://id.nlm.nih.gov/mesh/D050280,D050280,Arm Bones
http://id.nlm.nih.gov/mesh/D001158,D001158,Arteries
http://id.nlm.nih.gov/mesh/D001160,D001160,Arterioles
http://id.nlm.nih.gov/mesh/D001163,D001163,Arteriovenous Anastomosis
http://id.nlm.nih.gov/mesh/D001193,D001193,Arytenoid Cartilage
http://id.nlm.nih.gov/mesh/D001253,D001253,Astrocytes
http://id.nlm.nih.gov/mesh/D001268,D001268,Atlanto-Axial Joint
http://id.nlm.nih.gov/mesh/D001269,D001269,Atlanto-Occipital Joint
http://id.nlm.nih.gov/mesh/D020517,D020517,Atrial Appendage
http://id.nlm.nih.gov/mesh/D054087,D054087,Atrial Septum
http://id.nlm.nih.gov/mesh/D001283,D001283,Atrioventricular Node
http://id.nlm.nih.gov/mesh/D001303,D001303,Auditory Cortex
http://id.nlm.nih.gov/mesh/D001306,D001306,Auditory Pathways
http://id.nlm.nih.gov/mesh/D001338,D001338,"Autonomic Fibers, Postganglionic"
http://id.nlm.nih.gov/mesh/D001339,D001339,"Autonomic Fibers, Preganglionic"
http://id.nlm.nih.gov/mesh/D001341,D001341,Autonomic Nervous System
http://id.nlm.nih.gov/mesh/D017776,D017776,Autonomic Pathways
http://id.nlm.nih.gov/mesh/D058452,D058452,"Axial Length, Eye"
http://id.nlm.nih.gov/mesh/D001366,D001366,Axillary Artery
http://id.nlm.nih.gov/mesh/D001367,D001367,Axillary Vein
http://id.nlm.nih.gov/mesh/D001368,D001368,"Axis, Cervical Vertebra"
http://id.nlm.nih.gov/mesh/D000071040,D000071040,Axon Initial Segment
http://id.nlm.nih.gov/mesh/D001369,D001369,Axons
http://id.nlm.nih.gov/mesh/D001401,D001401,Azygos Vein
http://id.nlm.nih.gov/mesh/D016175,D016175,B-Lymphocyte Subsets
http://id.nlm.nih.gov/mesh/D001402,D001402,B-Lymphocytes
http://id.nlm.nih.gov/mesh/D060151,D060151,"B-Lymphocytes, Regulatory"
http://id.nlm.nih.gov/mesh/D064131,D064131,Back Muscles
http://id.nlm.nih.gov/mesh/D065835,D065835,Barrington's Nucleus
http://id.nlm.nih.gov/mesh/D001472,D001472,Bartholin's Glands
http://id.nlm.nih.gov/mesh/D066187,D066187,Basal Forebrain
http://id.nlm.nih.gov/mesh/D001479,D001479,Basal Ganglia
http://id.nlm.nih.gov/mesh/D020532,D020532,Basal Nucleus of Meynert
http://id.nlm.nih.gov/mesh/D001488,D001488,Basilar Artery
http://id.nlm.nih.gov/mesh/D066272,D066272,Basolateral Nuclear Complex
http://id.nlm.nih.gov/mesh/D001491,D001491,Basophils
http://id.nlm.nih.gov/mesh/D001648,D001648,Bile Canaliculi
http://id.nlm.nih.gov/mesh/D001652,D001652,Bile Ducts
http://id.nlm.nih.gov/mesh/D017734,D017734,"Bile Ducts, Extrahepatic"
http://id.nlm.nih.gov/mesh/D001653,D001653,"Bile Ducts, Intrahepatic"
http://id.nlm.nih.gov/mesh/D001659,D001659,Biliary Tract
http://id.nlm.nih.gov/mesh/D001769,D001769,Blood
http://id.nlm.nih.gov/mesh/D001773,D001773,Blood Cells
http://id.nlm.nih.gov/mesh/D001792,D001792,Blood Platelets
http://id.nlm.nih.gov/mesh/D001808,D001808,Blood Vessels
http://id.nlm.nih.gov/mesh/D015824,D015824,Blood-Air Barrier
http://id.nlm.nih.gov/mesh/D018916,D018916,Blood-Aqueous Barrier
http://id.nlm.nih.gov/mesh/D001812,D001812,Blood-Brain Barrier
http://id.nlm.nih.gov/mesh/D049428,D049428,Blood-Nerve Barrier
http://id.nlm.nih.gov/mesh/D001813,D001813,Blood-Retinal Barrier
http://id.nlm.nih.gov/mesh/D001814,D001814,Blood-Testis Barrier
http://id.nlm.nih.gov/mesh/D001853,D001853,Bone Marrow
http://id.nlm.nih.gov/mesh/D001854,D001854,Bone Marrow Cells
http://id.nlm.nih.gov/mesh/D001842,D001842,Bone and Bones
http://id.nlm.nih.gov/mesh/D050281,D050281,Bones of Lower Extremity
http://id.nlm.nih.gov/mesh/D001133,D001133,Bones of Upper Extremity
http://id.nlm.nih.gov/mesh/D050476,D050476,Bowman Capsule
http://id.nlm.nih.gov/mesh/D050541,D050541,Bowman Membrane
http://id.nlm.nih.gov/mesh/D001916,D001916,Brachial Artery
http://id.nlm.nih.gov/mesh/D001917,D001917,Brachial Plexus
http://id.nlm.nih.gov/mesh/D016122,D016122,Brachiocephalic Trunk
http://id.nlm.nih.gov/mesh/D016121,D016121,Brachiocephalic Veins
http://id.nlm.nih.gov/mesh/D001921,D001921,Brain
http://id.nlm.nih.gov/mesh/D001933,D001933,Brain Stem
http://id.nlm.nih.gov/mesh/D001940,D001940,Breast
http://id.nlm.nih.gov/mesh/D001956,D001956,Broad Ligament
http://id.nlm.nih.gov/mesh/D065711,D065711,Broca Area
http://id.nlm.nih.gov/mesh/D001980,D001980,Bronchi
http://id.nlm.nih.gov/mesh/D001981,D001981,Bronchial Arteries
http://id.nlm.nih.gov/mesh/D055745,D055745,Bronchioles
http://id.nlm.nih.gov/mesh/D016570,D016570,Bruch Membrane
http://id.nlm.nih.gov/mesh/D002011,D002011,Brunner Glands
http://id.nlm.nih.gov/mesh/D002030,D002030,Bulbourethral Glands
http://id.nlm.nih.gov/mesh/D002036,D002036,Bundle of His
http://id.nlm.nih.gov/mesh/D002060,D002060,Bursa of Fabricius
http://id.nlm.nih.gov/mesh/D002061,D002061,"Bursa, Synovial"
http://id.nlm.nih.gov/mesh/D056547,D056547,"CA1 Region, Hippocampal"
http://id.nlm.nih.gov/mesh/D056651,D056651,"CA2 Region, Hippocampal"
http://id.nlm.nih.gov/mesh/D056654,D056654,"CA3 Region, Hippocampal"
http://id.nlm.nih.gov/mesh/D015496,D015496,CD4-Positive T-Lymphocytes
http://id.nlm.nih.gov/mesh/D018414,D018414,CD8-Positive T-Lymphocytes
http://id.nlm.nih.gov/mesh/D002111,D002111,Calcaneus
http://id.nlm.nih.gov/mesh/D002196,D002196,Capillaries
http://id.nlm.nih.gov/mesh/D051224,D051224,Capitate Bone
http://id.nlm.nih.gov/mesh/D002299,D002299,Cardia
http://id.nlm.nih.gov/mesh/D002319,D002319,Cardiovascular System
http://id.nlm.nih.gov/mesh/D002339,D002339,Carotid Arteries
http://id.nlm.nih.gov/mesh/D017536,D017536,"Carotid Artery, Common"
http://id.nlm.nih.gov/mesh/D002342,D002342,"Carotid Artery, External"
http://id.nlm.nih.gov/mesh/D002343,D002343,"Carotid Artery, Internal"
http://id.nlm.nih.gov/mesh/D002344,D002344,Carotid Body
http://id.nlm.nih.gov/mesh/D002346,D002346,Carotid Sinus
http://id.nlm.nih.gov/mesh/D002348,D002348,Carpal Bones
http://id.nlm.nih.gov/mesh/D050824,D050824,Carpal Joints
http://id.nlm.nih.gov/mesh/D052737,D052737,Carpometacarpal Joints
http://id.nlm.nih.gov/mesh/D002356,D002356,Cartilage
http://id.nlm.nih.gov/mesh/D002358,D002358,"Cartilage, Articular"
http://id.nlm.nih.gov/mesh/D002420,D002420,Cauda Equina
http://id.nlm.nih.gov/mesh/D002421,D002421,Caudate Nucleus
http://id.nlm.nih.gov/mesh/D002426,D002426,Cavernous Sinus
http://id.nlm.nih.gov/mesh/D002432,D002432,Cecum
http://id.nlm.nih.gov/mesh/D002445,D002445,Celiac Artery
http://id.nlm.nih.gov/mesh/D002447,D002447,Celiac Plexus
http://id.nlm.nih.gov/mesh/D066274,D066274,Central Amygdaloid Nucleus
http://id.nlm.nih.gov/mesh/D002490,D002490,Central Nervous System
http://id.nlm.nih.gov/mesh/D002525,D002525,Cerebellar Cortex
http://id.nlm.nih.gov/mesh/D000080906,D000080906,Cerebellar Golgi Cells
http://id.nlm.nih.gov/mesh/D002529,D002529,Cerebellar Nuclei
http://id.nlm.nih.gov/mesh/D065814,D065814,Cerebellar Vermis
http://id.nlm.nih.gov/mesh/D002530,D002530,Cerebellopontine Angle
http://id.nlm.nih.gov/mesh/D002531,D002531,Cerebellum
http://id.nlm.nih.gov/mesh/D002535,D002535,Cerebral Aqueduct
http://id.nlm.nih.gov/mesh/D002536,D002536,Cerebral Arteries
http://id.nlm.nih.gov/mesh/D002540,D002540,Cerebral Cortex
http://id.nlm.nih.gov/mesh/D065843,D065843,Cerebral Crus
http://id.nlm.nih.gov/mesh/D065850,D065850,Cerebral Peduncle
http://id.nlm.nih.gov/mesh/D002550,D002550,Cerebral Veins
http://id.nlm.nih.gov/mesh/D002552,D002552,Cerebral Ventricles
http://id.nlm.nih.gov/mesh/D054022,D054022,Cerebrum
http://id.nlm.nih.gov/mesh/D001270,D001270,Cervical Atlas
http://id.nlm.nih.gov/mesh/D066193,D066193,Cervical Cord
http://id.nlm.nih.gov/mesh/D002572,D002572,Cervical Plexus
http://id.nlm.nih.gov/mesh/D057070,D057070,Cervical Rib
http://id.nlm.nih.gov/mesh/D002574,D002574,Cervical Vertebrae
http://id.nlm.nih.gov/mesh/D002584,D002584,Cervix Uteri
http://id.nlm.nih.gov/mesh/D002628,D002628,Chemoreceptor Cells
http://id.nlm.nih.gov/mesh/D019872,D019872,"Chief Cells, Gastric"
http://id.nlm.nih.gov/mesh/D002680,D002680,Chin
http://id.nlm.nih.gov/mesh/D002799,D002799,Cholinergic Fibers
http://id.nlm.nih.gov/mesh/D059329,D059329,Cholinergic Neurons
http://id.nlm.nih.gov/mesh/D002814,D002814,Chorda Tympani Nerve
http://id.nlm.nih.gov/mesh/D002815,D002815,Chordae Tendineae
http://id.nlm.nih.gov/mesh/D002824,D002824,Chorionic Villi
http://id.nlm.nih.gov/mesh/D002829,D002829,Choroid
http://id.nlm.nih.gov/mesh/D002831,D002831,Choroid Plexus
http://id.nlm.nih.gov/mesh/D002913,D002913,Chyle
http://id.nlm.nih.gov/mesh/D019842,D019842,Ciliary Arteries
http://id.nlm.nih.gov/mesh/D002924,D002924,Ciliary Body
http://id.nlm.nih.gov/mesh/D002941,D002941,Circle of Willis
http://id.nlm.nih.gov/mesh/D066280,D066280,Circumventricular Organs
http://id.nlm.nih.gov/mesh/D002946,D002946,Cisterna Magna
http://id.nlm.nih.gov/mesh/D000079482,D000079482,Claustrum
http://id.nlm.nih.gov/mesh/D002968,D002968,Clavicle
http://id.nlm.nih.gov/mesh/D002987,D002987,Clitoris
http://id.nlm.nih.gov/mesh/D003050,D003050,Coccyx
http://id.nlm.nih.gov/mesh/D003056,D003056,Cochlear Nerve
http://id.nlm.nih.gov/mesh/D017626,D017626,Cochlear Nucleus
http://id.nlm.nih.gov/mesh/D000070637,D000070637,"Collateral Ligament, Ulnar"
http://id.nlm.nih.gov/mesh/D017885,D017885,Collateral Ligaments
http://id.nlm.nih.gov/mesh/D003106,D003106,Colon
http://id.nlm.nih.gov/mesh/D044682,D044682,"Colon, Ascending"
http://id.nlm.nih.gov/mesh/D044683,D044683,"Colon, Descending"
http://id.nlm.nih.gov/mesh/D012809,D012809,"Colon, Sigmoid"
http://id.nlm.nih.gov/mesh/D044684,D044684,"Colon, Transverse"
http://id.nlm.nih.gov/mesh/D066294,D066294,Commissural Interneurons
http://id.nlm.nih.gov/mesh/D003135,D003135,Common Bile Duct
http://id.nlm.nih.gov/mesh/D003228,D003228,Conjunctiva
http://id.nlm.nih.gov/mesh/D000070597,D000070597,Coracoid Process
http://id.nlm.nih.gov/mesh/D003315,D003315,Cornea
http://id.nlm.nih.gov/mesh/D003319,D003319,Corneal Stroma
http://id.nlm.nih.gov/mesh/D054326,D054326,Coronary Sinus
http://id.nlm.nih.gov/mesh/D003331,D003331,Coronary Vessels
http://id.nlm.nih.gov/mesh/D003335,D003335,Corpora Allata
http://id.nlm.nih.gov/mesh/D003337,D003337,Corpus Callosum
http://id.nlm.nih.gov/mesh/D003338,D003338,Corpus Luteum
http://id.nlm.nih.gov/mesh/D003342,D003342,Corpus Striatum
http://id.nlm.nih.gov/mesh/D066276,D066276,Corticomedial Nuclear Complex
http://id.nlm.nih.gov/mesh/D052680,D052680,Corticotrophs
http://id.nlm.nih.gov/mesh/D066186,D066186,Costal Cartilage
http://id.nlm.nih.gov/mesh/D055762,D055762,Cranial Fontanelles
http://id.nlm.nih.gov/mesh/D035262,D035262,"Cranial Fossa, Anterior"
http://id.nlm.nih.gov/mesh/D035301,D035301,"Cranial Fossa, Middle"
http://id.nlm.nih.gov/mesh/D003388,D003388,"Cranial Fossa, Posterior"
http://id.nlm.nih.gov/mesh/D003391,D003391,Cranial Nerves
http://id.nlm.nih.gov/mesh/D003392,D003392,Cranial Sinuses
http://id.nlm.nih.gov/mesh/D003393,D003393,Cranial Sutures
http://id.nlm.nih.gov/mesh/D003413,D003413,Cricoid Cartilage
http://id.nlm.nih.gov/mesh/D054885,D054885,Cumulus Cells
http://id.nlm.nih.gov/mesh/D003549,D003549,Cystic Duct
http://id.nlm.nih.gov/mesh/D055612,D055612,Cytokine-Induced Killer Cells
http://id.nlm.nih.gov/mesh/D003656,D003656,Decidua
http://id.nlm.nih.gov/mesh/D033301,D033301,Deciduoma
http://id.nlm.nih.gov/mesh/D000082702,D000082702,Default Mode Network
http://id.nlm.nih.gov/mesh/D057645,D057645,Deltoid Muscle
http://id.nlm.nih.gov/mesh/D003712,D003712,Dendrites
http://id.nlm.nih.gov/mesh/D003713,D003713,Dendritic Cells
http://id.nlm.nih.gov/mesh/D020566,D020566,"Dendritic Cells, Follicular"
http://id.nlm.nih.gov/mesh/D049229,D049229,Dendritic Spines
http://id.nlm.nih.gov/mesh/D003724,D003724,Dental Arch
http://id.nlm.nih.gov/mesh/D018891,D018891,Dentate Gyrus
http://id.nlm.nih.gov/mesh/D003817,D003817,Dentition
http://id.nlm.nih.gov/mesh/D020405,D020405,Dermis
http://id.nlm.nih.gov/mesh/D003886,D003886,Descemet Membrane
http://id.nlm.nih.gov/mesh/D020667,D020667,Diagonal Band of Broca
http://id.nlm.nih.gov/mesh/D003964,D003964,Diaphragm
http://id.nlm.nih.gov/mesh/D018483,D018483,Diaphyses
http://id.nlm.nih.gov/mesh/D004027,D004027,Diencephalon
http://id.nlm.nih.gov/mesh/D004064,D004064,Digestive System
http://id.nlm.nih.gov/mesh/D059290,D059290,Dopaminergic Neurons
http://id.nlm.nih.gov/mesh/D065847,D065847,Dorsal Raphe Nucleus
http://id.nlm.nih.gov/mesh/D000087643,D000087643,Dorsolateral Prefrontal Cortex
http://id.nlm.nih.gov/mesh/D004302,D004302,Dorsomedial Hypothalamic Nucleus
http://id.nlm.nih.gov/mesh/D004373,D004373,Ductus Arteriosus
http://id.nlm.nih.gov/mesh/D004386,D004386,Duodenum
http://id.nlm.nih.gov/mesh/D004388,D004388,Dura Mater
http://id.nlm.nih.gov/mesh/D004425,D004425,Ear Cartilage
http://id.nlm.nih.gov/mesh/D004439,D004439,Eccrine Glands
http://id.nlm.nih.gov/mesh/D065839,D065839,Edinger-Westphal Nucleus
http://id.nlm.nih.gov/mesh/D004525,D004525,Efferent Pathways
http://id.nlm.nih.gov/mesh/D004543,D004543,Ejaculatory Ducts
http://id.nlm.nih.gov/mesh/D051472,D051472,Elastic Cartilage
http://id.nlm.nih.gov/mesh/D004551,D004551,Elbow Joint
http://id.nlm.nih.gov/mesh/D054351,D054351,Electrical Synapses
http://id.nlm.nih.gov/mesh/D054089,D054089,Endocardial Cushions
http://id.nlm.nih.gov/mesh/D004699,D004699,Endocardium
http://id.nlm.nih.gov/mesh/D004717,D004717,Endometrium
http://id.nlm.nih.gov/mesh/D004728,D004728,"Endothelium, Corneal"
http://id.nlm.nih.gov/mesh/D004729,D004729,"Endothelium, Lymphatic"
http://id.nlm.nih.gov/mesh/D004730,D004730,"Endothelium, Vascular"
http://id.nlm.nih.gov/mesh/D017615,D017615,Enteric Nervous System
http://id.nlm.nih.gov/mesh/D004759,D004759,Enterochromaffin Cells
http://id.nlm.nih.gov/mesh/D020895,D020895,Enterocytes
http://id.nlm.nih.gov/mesh/D020392,D020392,Entopeduncular Nucleus
http://id.nlm.nih.gov/mesh/D018728,D018728,Entorhinal Cortex
http://id.nlm.nih.gov/mesh/D004804,D004804,Eosinophils
http://id.nlm.nih.gov/mesh/D004805,D004805,Ependyma
http://id.nlm.nih.gov/mesh/D063928,D063928,Ependymoglial Cells
http://id.nlm.nih.gov/mesh/D000095543,D000095543,Epicardial Adipose Tissue
http://id.nlm.nih.gov/mesh/D004817,D004817,Epidermis
http://id.nlm.nih.gov/mesh/D004822,D004822,Epididymis
http://id.nlm.nih.gov/mesh/D004824,D004824,Epidural Space
http://id.nlm.nih.gov/mesh/D019074,D019074,Epigastric Arteries
http://id.nlm.nih.gov/mesh/D004825,D004825,Epiglottis
http://id.nlm.nih.gov/mesh/D004838,D004838,Epiphyses
http://id.nlm.nih.gov/mesh/D019261,D019261,Epithalamus
http://id.nlm.nih.gov/mesh/D015622,D015622,Epithelioid Cells
http://id.nlm.nih.gov/mesh/D019573,D019573,"Epithelium, Corneal"
http://id.nlm.nih.gov/mesh/D004900,D004900,Erythroblasts
http://id.nlm.nih.gov/mesh/D004908,D004908,Erythrocyte Inclusions
http://id.nlm.nih.gov/mesh/D004910,D004910,Erythrocyte Membrane
http://id.nlm.nih.gov/mesh/D004912,D004912,Erythrocytes
http://id.nlm.nih.gov/mesh/D004913,D004913,"Erythrocytes, Abnormal"
http://id.nlm.nih.gov/mesh/D015672,D015672,Erythroid Precursor Cells
http://id.nlm.nih.gov/mesh/D000071041,D000071041,Esophageal Mucosa
http://id.nlm.nih.gov/mesh/D049630,D049630,"Esophageal Sphincter, Lower"
http://id.nlm.nih.gov/mesh/D049631,D049631,"Esophageal Sphincter, Upper"
http://id.nlm.nih.gov/mesh/D004943,D004943,Esophagogastric Junction
http://id.nlm.nih.gov/mesh/D004947,D004947,Esophagus
http://id.nlm.nih.gov/mesh/D005004,D005004,Ethmoid Bone
http://id.nlm.nih.gov/mesh/D005005,D005005,Ethmoid Sinus
http://id.nlm.nih.gov/mesh/D066271,D066271,External Capsule
http://id.nlm.nih.gov/mesh/D005116,D005116,Extrapyramidal Tracts
http://id.nlm.nih.gov/mesh/D000097862,D000097862,Extravillous Trophoblasts
http://id.nlm.nih.gov/mesh/D005123,D005123,Eye
http://id.nlm.nih.gov/mesh/D005138,D005138,Eyebrows
http://id.nlm.nih.gov/mesh/D005140,D005140,Eyelashes
http://id.nlm.nih.gov/mesh/D005143,D005143,Eyelids
http://id.nlm.nih.gov/mesh/D005147,D005147,Facial Bones
http://id.nlm.nih.gov/mesh/D005152,D005152,Facial Muscles
http://id.nlm.nih.gov/mesh/D005154,D005154,Facial Nerve
http://id.nlm.nih.gov/mesh/D065828,D065828,Facial Nucleus
http://id.nlm.nih.gov/mesh/D005187,D005187,Fallopian Tubes
http://id.nlm.nih.gov/mesh/D005205,D005205,Fascia
http://id.nlm.nih.gov/mesh/D005206,D005206,Fascia Lata
http://id.nlm.nih.gov/mesh/D005263,D005263,Femoral Artery
http://id.nlm.nih.gov/mesh/D005267,D005267,Femoral Nerve
http://id.nlm.nih.gov/mesh/D005268,D005268,Femoral Vein
http://id.nlm.nih.gov/mesh/D005269,D005269,Femur
http://id.nlm.nih.gov/mesh/D005270,D005270,Femur Head
http://id.nlm.nih.gov/mesh/D005272,D005272,Femur Neck
http://id.nlm.nih.gov/mesh/D005312,D005312,Fetal Blood
http://id.nlm.nih.gov/mesh/D005318,D005318,Fetal Heart
http://id.nlm.nih.gov/mesh/D051445,D051445,Fibrocartilage
http://id.nlm.nih.gov/mesh/D005360,D005360,Fibula
http://id.nlm.nih.gov/mesh/D005384,D005384,Finger Joint
http://id.nlm.nih.gov/mesh/D050278,D050278,Finger Phalanges
http://id.nlm.nih.gov/mesh/D005487,D005487,Foam Cells
http://id.nlm.nih.gov/mesh/D015571,D015571,Follicular Fluid
http://id.nlm.nih.gov/mesh/D005529,D005529,Foot Bones
http://id.nlm.nih.gov/mesh/D033023,D033023,Foot Joints
http://id.nlm.nih.gov/mesh/D005539,D005539,Foramen Magnum
http://id.nlm.nih.gov/mesh/D054085,D054085,Foramen Ovale
http://id.nlm.nih.gov/mesh/D052816,D052816,Foreskin
http://id.nlm.nih.gov/mesh/D020712,D020712,"Fornix, Brain"
http://id.nlm.nih.gov/mesh/D020546,D020546,Fourth Ventricle
http://id.nlm.nih.gov/mesh/D005584,D005584,Fovea Centralis
http://id.nlm.nih.gov/mesh/D005624,D005624,Frontal Bone
http://id.nlm.nih.gov/mesh/D005625,D005625,Frontal Lobe
http://id.nlm.nih.gov/mesh/D005626,D005626,Frontal Sinus
http://id.nlm.nih.gov/mesh/D005654,D005654,Fundus Oculi
http://id.nlm.nih.gov/mesh/D059330,D059330,GABAergic Neurons
http://id.nlm.nih.gov/mesh/D005704,D005704,Gallbladder
http://id.nlm.nih.gov/mesh/D005724,D005724,Ganglia
http://id.nlm.nih.gov/mesh/D005725,D005725,"Ganglia, Autonomic"
http://id.nlm.nih.gov/mesh/D005726,D005726,"Ganglia, Parasympathetic"
http://id.nlm.nih.gov/mesh/D017950,D017950,"Ganglia, Sensory"
http://id.nlm.nih.gov/mesh/D005727,D005727,"Ganglia, Spinal"
http://id.nlm.nih.gov/mesh/D005728,D005728,"Ganglia, Sympathetic"
http://id.nlm.nih.gov/mesh/D000097803,D000097803,Ganglionic Eminence
http://id.nlm.nih.gov/mesh/D000077426,D000077426,Gastric Artery
http://id.nlm.nih.gov/mesh/D005748,D005748,Gastric Fundus
http://id.nlm.nih.gov/mesh/D005753,D005753,Gastric Mucosa
http://id.nlm.nih.gov/mesh/D019863,D019863,Gastrin-Secreting Cells
http://id.nlm.nih.gov/mesh/D024405,D024405,Gastroepiploic Artery
http://id.nlm.nih.gov/mesh/D041981,D041981,Gastrointestinal Tract
http://id.nlm.nih.gov/mesh/D005829,D005829,Geniculate Bodies
http://id.nlm.nih.gov/mesh/D005830,D005830,Geniculate Ganglion
http://id.nlm.nih.gov/mesh/D005835,D005835,Genitalia
http://id.nlm.nih.gov/mesh/D005836,D005836,"Genitalia, Female"
http://id.nlm.nih.gov/mesh/D005837,D005837,"Genitalia, Male"
http://id.nlm.nih.gov/mesh/D005854,D005854,Germ Cells
http://id.nlm.nih.gov/mesh/D018858,D018858,Germinal Center
http://id.nlm.nih.gov/mesh/D015743,D015743,"Giant Cells, Foreign-Body"
http://id.nlm.nih.gov/mesh/D015744,D015744,"Giant Cells, Langhans"
http://id.nlm.nih.gov/mesh/D061165,D061165,Glenoid Cavity
http://id.nlm.nih.gov/mesh/D005917,D005917,Globus Pallidus
http://id.nlm.nih.gov/mesh/D050533,D050533,Glomerular Basement Membrane
http://id.nlm.nih.gov/mesh/D060730,D060730,Glomerular Filtration Barrier
http://id.nlm.nih.gov/mesh/D005920,D005920,Glomerular Mesangium
http://id.nlm.nih.gov/mesh/D005924,D005924,Glomus Jugulare
http://id.nlm.nih.gov/mesh/D043485,D043485,Glomus Tympanicum
http://id.nlm.nih.gov/mesh/D005930,D005930,Glossopharyngeal Nerve
http://id.nlm.nih.gov/mesh/D005931,D005931,Glottis
http://id.nlm.nih.gov/mesh/D050416,D050416,Glucagon-Secreting Cells
http://id.nlm.nih.gov/mesh/D000077502,D000077502,Glymphatic System
http://id.nlm.nih.gov/mesh/D020397,D020397,Goblet Cells
http://id.nlm.nih.gov/mesh/D006057,D006057,Golgi-Mazzoni Corpuscles
http://id.nlm.nih.gov/mesh/D052681,D052681,Gonadotrophs
http://id.nlm.nih.gov/mesh/D006066,D006066,Gonads
http://id.nlm.nih.gov/mesh/D000071976,D000071976,Gracilis Muscle
http://id.nlm.nih.gov/mesh/D042381,D042381,Granulocyte Precursor Cells
http://id.nlm.nih.gov/mesh/D055014,D055014,Granulocyte-Macrophage Progenitor Cells
http://id.nlm.nih.gov/mesh/D006098,D006098,Granulocytes
http://id.nlm.nih.gov/mesh/D006107,D006107,Granulosa Cells
http://id.nlm.nih.gov/mesh/D066128,D066128,Gray Matter
http://id.nlm.nih.gov/mesh/D000071038,D000071038,Grid Cells
http://id.nlm.nih.gov/mesh/D006132,D006132,Growth Plate
http://id.nlm.nih.gov/mesh/D006179,D006179,Gyrus Cinguli
http://id.nlm.nih.gov/mesh/D019262,D019262,Habenula
http://id.nlm.nih.gov/mesh/D006198,D006198,"Hair Cells, Auditory"
http://id.nlm.nih.gov/mesh/D006199,D006199,"Hair Cells, Auditory, Inner"
http://id.nlm.nih.gov/mesh/D018072,D018072,"Hair Cells, Auditory, Outer"
http://id.nlm.nih.gov/mesh/D018069,D018069,"Hair Cells, Vestibular"
http://id.nlm.nih.gov/mesh/D018859,D018859,Hair Follicle
http://id.nlm.nih.gov/mesh/D051225,D051225,Hamate Bone
http://id.nlm.nih.gov/mesh/D000070633,D000070633,Hamstring Muscles
http://id.nlm.nih.gov/mesh/D000070632,D000070632,Hamstring Tendons
http://id.nlm.nih.gov/mesh/D050276,D050276,Hand Bones
http://id.nlm.nih.gov/mesh/D050823,D050823,Hand Joints
http://id.nlm.nih.gov/mesh/D006321,D006321,Heart
http://id.nlm.nih.gov/mesh/D006325,D006325,Heart Atria
http://id.nlm.nih.gov/mesh/D006329,D006329,Heart Conduction System
http://id.nlm.nih.gov/mesh/D006346,D006346,Heart Septum
http://id.nlm.nih.gov/mesh/D006351,D006351,Heart Valves
http://id.nlm.nih.gov/mesh/D006352,D006352,Heart Ventricles
http://id.nlm.nih.gov/mesh/D006366,D006366,Heinz Bodies
http://id.nlm.nih.gov/mesh/D006412,D006412,Hematopoietic Stem Cells
http://id.nlm.nih.gov/mesh/D006413,D006413,Hematopoietic System
http://id.nlm.nih.gov/mesh/D006424,D006424,Hemic and Immune Systems
http://id.nlm.nih.gov/mesh/D006434,D006434,Hemocytes
http://id.nlm.nih.gov/mesh/D006499,D006499,Hepatic Artery
http://id.nlm.nih.gov/mesh/D006500,D006500,"Hepatic Duct, Common"
http://id.nlm.nih.gov/mesh/D006503,D006503,Hepatic Veins
http://id.nlm.nih.gov/mesh/D006621,D006621,Hip Joint
http://id.nlm.nih.gov/mesh/D006624,D006624,Hippocampus
http://id.nlm.nih.gov/mesh/D006644,D006644,Histiocytes
http://id.nlm.nih.gov/mesh/D058430,D058430,Humeral Head
http://id.nlm.nih.gov/mesh/D006811,D006811,Humerus
http://id.nlm.nih.gov/mesh/D051457,D051457,Hyaline Cartilage
http://id.nlm.nih.gov/mesh/D006924,D006924,Hymen
http://id.nlm.nih.gov/mesh/D006928,D006928,Hyoid Bone
http://id.nlm.nih.gov/mesh/D007001,D007001,Hypogastric Plexus
http://id.nlm.nih.gov/mesh/D007002,D007002,Hypoglossal Nerve
http://id.nlm.nih.gov/mesh/D007013,D007013,Hypopharynx
http://id.nlm.nih.gov/mesh/D007026,D007026,"Hypothalamic Area, Lateral"
http://id.nlm.nih.gov/mesh/D000094365,D000094365,Hypothalamic-Pituitary-Gonadal Axis
http://id.nlm.nih.gov/mesh/D007030,D007030,Hypothalamo-Hypophyseal System
http://id.nlm.nih.gov/mesh/D007031,D007031,Hypothalamus
http://id.nlm.nih.gov/mesh/D007032,D007032,"Hypothalamus, Anterior"
http://id.nlm.nih.gov/mesh/D007033,D007033,"Hypothalamus, Middle"
http://id.nlm.nih.gov/mesh/D007034,D007034,"Hypothalamus, Posterior"
http://id.nlm.nih.gov/mesh/D007080,D007080,Ileocecal Valve
http://id.nlm.nih.gov/mesh/D007082,D007082,Ileum
http://id.nlm.nih.gov/mesh/D007083,D007083,Iliac Artery
http://id.nlm.nih.gov/mesh/D007084,D007084,Iliac Vein
http://id.nlm.nih.gov/mesh/D007085,D007085,Ilium
http://id.nlm.nih.gov/mesh/D007107,D007107,Immune System
http://id.nlm.nih.gov/mesh/D054992,D054992,Immunological Synapses
http://id.nlm.nih.gov/mesh/D007245,D007245,Inferior Colliculi
http://id.nlm.nih.gov/mesh/D000095746,D000095746,Inferior Olivary Complex
http://id.nlm.nih.gov/mesh/D000080884,D000080884,Infratemporal Fossa
http://id.nlm.nih.gov/mesh/D000087623,D000087623,Insular Cortex
http://id.nlm.nih.gov/mesh/D050417,D050417,Insulin-Secreting Cells
http://id.nlm.nih.gov/mesh/D007366,D007366,Intercostal Muscles
http://id.nlm.nih.gov/mesh/D007367,D007367,Intercostal Nerves
http://id.nlm.nih.gov/mesh/D064169,D064169,Intermediate Back Muscles
http://id.nlm.nih.gov/mesh/D020772,D020772,Internal Capsule
http://id.nlm.nih.gov/mesh/D007395,D007395,Interneurons
http://id.nlm.nih.gov/mesh/D066268,D066268,Interpeduncular Nucleus
http://id.nlm.nih.gov/mesh/D007403,D007403,Intervertebral Disc
http://id.nlm.nih.gov/mesh/D007413,D007413,Intestinal Mucosa
http://id.nlm.nih.gov/mesh/D007420,D007420,"Intestine, Large"
http://id.nlm.nih.gov/mesh/D007421,D007421,"Intestine, Small"
http://id.nlm.nih.gov/mesh/D007422,D007422,Intestines
http://id.nlm.nih.gov/mesh/D050152,D050152,Intra-Abdominal Fat
http://id.nlm.nih.gov/mesh/D000075942,D000075942,Intraepithelial Lymphocytes
http://id.nlm.nih.gov/mesh/D020646,D020646,Intralaminar Thalamic Nuclei
http://id.nlm.nih.gov/mesh/D007498,D007498,Iris
http://id.nlm.nih.gov/mesh/D007512,D007512,Ischium
http://id.nlm.nih.gov/mesh/D020670,D020670,Islands of Calleja
http://id.nlm.nih.gov/mesh/D007515,D007515,Islets of Langerhans
http://id.nlm.nih.gov/mesh/D007568,D007568,Jaw
http://id.nlm.nih.gov/mesh/D007583,D007583,Jejunum
http://id.nlm.nih.gov/mesh/D017746,D017746,Joint Capsule
http://id.nlm.nih.gov/mesh/D007596,D007596,Joints
http://id.nlm.nih.gov/mesh/D000080869,D000080869,Jugular Foramina
http://id.nlm.nih.gov/mesh/D007601,D007601,Jugular Veins
http://id.nlm.nih.gov/mesh/D019169,D019169,Jurkat Cells
http://id.nlm.nih.gov/mesh/D007606,D007606,Juxtaglomerular Apparatus
http://id.nlm.nih.gov/mesh/D007668,D007668,Kidney
http://id.nlm.nih.gov/mesh/D007670,D007670,Kidney Calices
http://id.nlm.nih.gov/mesh/D007672,D007672,Kidney Cortex
http://id.nlm.nih.gov/mesh/D007678,D007678,Kidney Glomerulus
http://id.nlm.nih.gov/mesh/D007679,D007679,Kidney Medulla
http://id.nlm.nih.gov/mesh/D007682,D007682,Kidney Pelvis
http://id.nlm.nih.gov/mesh/D007684,D007684,Kidney Tubules
http://id.nlm.nih.gov/mesh/D007685,D007685,"Kidney Tubules, Collecting"
http://id.nlm.nih.gov/mesh/D007686,D007686,"Kidney Tubules, Distal"
http://id.nlm.nih.gov/mesh/D007687,D007687,"Kidney Tubules, Proximal"
http://id.nlm.nih.gov/mesh/D015979,D015979,"Killer Cells, Lymphokine-Activated"
http://id.nlm.nih.gov/mesh/D007694,D007694,"Killer Cells, Natural"
http://id.nlm.nih.gov/mesh/D007719,D007719,Knee Joint
http://id.nlm.nih.gov/mesh/D065836,D065836,Kolliker-Fuse Nucleus
http://id.nlm.nih.gov/mesh/D007728,D007728,Kupffer Cells
http://id.nlm.nih.gov/mesh/D007765,D007765,Lacrimal Apparatus
http://id.nlm.nih.gov/mesh/D052682,D052682,Lactotrophs
http://id.nlm.nih.gov/mesh/D007801,D007801,Langerhans Cells
http://id.nlm.nih.gov/mesh/D007817,D007817,Laryngeal Cartilages
http://id.nlm.nih.gov/mesh/D007820,D007820,Laryngeal Mucosa
http://id.nlm.nih.gov/mesh/D007821,D007821,Laryngeal Muscles
http://id.nlm.nih.gov/mesh/D007823,D007823,Laryngeal Nerves
http://id.nlm.nih.gov/mesh/D007830,D007830,Larynx
http://id.nlm.nih.gov/mesh/D017844,D017844,"Lateral Ligament, Ankle"
http://id.nlm.nih.gov/mesh/D020647,D020647,Lateral Thalamic Nuclei
http://id.nlm.nih.gov/mesh/D020547,D020547,Lateral Ventricles
http://id.nlm.nih.gov/mesh/D007867,D007867,Leg Bones
http://id.nlm.nih.gov/mesh/D007903,D007903,"Lens Capsule, Crystalline"
http://id.nlm.nih.gov/mesh/D007904,D007904,"Lens Cortex, Crystalline"
http://id.nlm.nih.gov/mesh/D007907,D007907,"Lens Nucleus, Crystalline"
http://id.nlm.nih.gov/mesh/D007908,D007908,"Lens, Crystalline"
http://id.nlm.nih.gov/mesh/D007962,D007962,Leukocytes
http://id.nlm.nih.gov/mesh/D007963,D007963,"Leukocytes, Mononuclear"
http://id.nlm.nih.gov/mesh/D007985,D007985,Leydig Cells
http://id.nlm.nih.gov/mesh/D008022,D008022,Ligaments
http://id.nlm.nih.gov/mesh/D008023,D008023,"Ligaments, Articular"
http://id.nlm.nih.gov/mesh/D017843,D017843,Ligamentum Flavum
http://id.nlm.nih.gov/mesh/D065726,D065726,Limbic Lobe
http://id.nlm.nih.gov/mesh/D008032,D008032,Limbic System
http://id.nlm.nih.gov/mesh/D016850,D016850,Limbus Corneae
http://id.nlm.nih.gov/mesh/D008035,D008035,Lingual Frenum
http://id.nlm.nih.gov/mesh/D008036,D008036,Lingual Nerve
http://id.nlm.nih.gov/mesh/D008099,D008099,Liver
http://id.nlm.nih.gov/mesh/D008125,D008125,Locus Coeruleus
http://id.nlm.nih.gov/mesh/D017846,D017846,Longitudinal Ligaments
http://id.nlm.nih.gov/mesh/D008138,D008138,Loop of Henle
http://id.nlm.nih.gov/mesh/D041741,D041741,Lower Gastrointestinal Tract
http://id.nlm.nih.gov/mesh/D008159,D008159,Lumbar Vertebrae
http://id.nlm.nih.gov/mesh/D008160,D008160,Lumbosacral Plexus
http://id.nlm.nih.gov/mesh/D012667,D012667,Lunate Bone
http://id.nlm.nih.gov/mesh/D008168,D008168,Lung
http://id.nlm.nih.gov/mesh/D008184,D008184,Luteal Cells
http://id.nlm.nih.gov/mesh/D008196,D008196,Lymph
http://id.nlm.nih.gov/mesh/D008198,D008198,Lymph Nodes
http://id.nlm.nih.gov/mesh/D008208,D008208,Lymphatic System
http://id.nlm.nih.gov/mesh/D042601,D042601,Lymphatic Vessels
http://id.nlm.nih.gov/mesh/D016131,D016131,Lymphocyte Subsets
http://id.nlm.nih.gov/mesh/D008214,D008214,Lymphocytes
http://id.nlm.nih.gov/mesh/D008215,D008215,"Lymphocytes, Null"
http://id.nlm.nih.gov/mesh/D016246,D016246,"Lymphocytes, Tumor-Infiltrating"
http://id.nlm.nih.gov/mesh/D054503,D054503,Lymphoid Progenitor Cells
http://id.nlm.nih.gov/mesh/D008221,D008221,Lymphoid Tissue
http://id.nlm.nih.gov/mesh/D008264,D008264,Macrophages
http://id.nlm.nih.gov/mesh/D016676,D016676,"Macrophages, Alveolar"
http://id.nlm.nih.gov/mesh/D017737,D017737,"Macrophages, Peritoneal"
http://id.nlm.nih.gov/mesh/D008266,D008266,Macula Lutea
http://id.nlm.nih.gov/mesh/D008323,D008323,Mammary Arteries
http://id.nlm.nih.gov/mesh/D042361,D042361,"Mammary Glands, Human"
http://id.nlm.nih.gov/mesh/D008326,D008326,Mammillary Bodies
http://id.nlm.nih.gov/mesh/D008334,D008334,Mandible
http://id.nlm.nih.gov/mesh/D000088263,D000088263,Mandibular Canal
http://id.nlm.nih.gov/mesh/D008335,D008335,Mandibular Condyle
http://id.nlm.nih.gov/mesh/D008340,D008340,Mandibular Nerve
http://id.nlm.nih.gov/mesh/D008371,D008371,Manubrium
http://id.nlm.nih.gov/mesh/D008406,D008406,Masseter Muscle
http://id.nlm.nih.gov/mesh/D008407,D008407,Mast Cells
http://id.nlm.nih.gov/mesh/D008410,D008410,Masticatory Muscles
http://id.nlm.nih.gov/mesh/D008416,D008416,Mastoid
http://id.nlm.nih.gov/mesh/D008437,D008437,Maxilla
http://id.nlm.nih.gov/mesh/D008438,D008438,Maxillary Artery
http://id.nlm.nih.gov/mesh/D008442,D008442,Maxillary Nerve
http://id.nlm.nih.gov/mesh/D008443,D008443,Maxillary Sinus
http://id.nlm.nih.gov/mesh/D008465,D008465,Mechanoreceptors
http://id.nlm.nih.gov/mesh/D008467,D008467,Meckel Diverticulum
http://id.nlm.nih.gov/mesh/D017888,D017888,"Medial Collateral Ligament, Knee"
http://id.nlm.nih.gov/mesh/D008474,D008474,Medial Forebrain Bundle
http://id.nlm.nih.gov/mesh/D008473,D008473,Median Eminence
http://id.nlm.nih.gov/mesh/D008475,D008475,Median Nerve
http://id.nlm.nih.gov/mesh/D020645,D020645,Mediodorsal Thalamic Nucleus
http://id.nlm.nih.gov/mesh/D000094242,D000094242,Medium Spiny Neurons
http://id.nlm.nih.gov/mesh/D008526,D008526,Medulla Oblongata
http://id.nlm.nih.gov/mesh/D055016,D055016,Megakaryocyte Progenitor Cells
http://id.nlm.nih.gov/mesh/D055015,D055015,Megakaryocyte-Erythroid Progenitor Cells
http://id.nlm.nih.gov/mesh/D008533,D008533,Megakaryocytes
http://id.nlm.nih.gov/mesh/D008534,D008534,Megaloblasts
http://id.nlm.nih.gov/mesh/D008537,D008537,Meibomian Glands
http://id.nlm.nih.gov/mesh/D052717,D052717,Melanotrophs
http://id.nlm.nih.gov/mesh/D000091245,D000091245,Memory B Cells
http://id.nlm.nih.gov/mesh/D000091246,D000091246,Memory T Cells
http://id.nlm.nih.gov/mesh/D008576,D008576,Meningeal Arteries
http://id.nlm.nih.gov/mesh/D008578,D008578,Meninges
http://id.nlm.nih.gov/mesh/D008592,D008592,"Menisci, Tibial"
http://id.nlm.nih.gov/mesh/D000072600,D000072600,Meniscus
http://id.nlm.nih.gov/mesh/D000080383,D000080383,Mental Foramen
http://id.nlm.nih.gov/mesh/D018862,D018862,Merkel Cells
http://id.nlm.nih.gov/mesh/D050527,D050527,Mesangial Cells
http://id.nlm.nih.gov/mesh/D008636,D008636,Mesencephalon
http://id.nlm.nih.gov/mesh/D008638,D008638,Mesenteric Arteries
http://id.nlm.nih.gov/mesh/D017537,D017537,"Mesenteric Artery, Inferior"
http://id.nlm.nih.gov/mesh/D017538,D017538,"Mesenteric Artery, Superior"
http://id.nlm.nih.gov/mesh/D008642,D008642,Mesenteric Veins
http://id.nlm.nih.gov/mesh/D000098559,D000098559,Mesolimbic System
http://id.nlm.nih.gov/mesh/D050279,D050279,Metacarpal Bones
http://id.nlm.nih.gov/mesh/D008662,D008662,Metacarpophalangeal Joint
http://id.nlm.nih.gov/mesh/D008682,D008682,Metatarsal Bones
http://id.nlm.nih.gov/mesh/D008683,D008683,Metatarsophalangeal Joint
http://id.nlm.nih.gov/mesh/D020540,D020540,Metencephalon
http://id.nlm.nih.gov/mesh/D017628,D017628,Microglia
http://id.nlm.nih.gov/mesh/D055806,D055806,Microvessels
http://id.nlm.nih.gov/mesh/D066267,D066267,Midbrain Raphe Nuclei
http://id.nlm.nih.gov/mesh/D066265,D066265,Midbrain Reticular Formation
http://id.nlm.nih.gov/mesh/D065837,D065837,Middle Cerebellar Peduncle
http://id.nlm.nih.gov/mesh/D020768,D020768,Middle Cerebral Artery
http://id.nlm.nih.gov/mesh/D020644,D020644,Midline Thalamic Nuclei
http://id.nlm.nih.gov/mesh/D059167,D059167,Mirror Neurons
http://id.nlm.nih.gov/mesh/D008943,D008943,Mitral Valve
http://id.nlm.nih.gov/mesh/D055017,D055017,Monocyte-Macrophage Precursor Cells
http://id.nlm.nih.gov/mesh/D009000,D009000,Monocytes
http://id.nlm.nih.gov/mesh/D016260,D016260,"Monocytes, Activated Killer"
http://id.nlm.nih.gov/mesh/D012157,D012157,Mononuclear Phagocyte System
http://id.nlm.nih.gov/mesh/D019599,D019599,"Mossy Fibers, Hippocampal"
http://id.nlm.nih.gov/mesh/D009044,D009044,Motor Cortex
http://id.nlm.nih.gov/mesh/D009045,D009045,Motor Endplate
http://id.nlm.nih.gov/mesh/D009046,D009046,Motor Neurons
http://id.nlm.nih.gov/mesh/D009047,D009047,"Motor Neurons, Gamma"
http://id.nlm.nih.gov/mesh/D009055,D009055,Mouth
http://id.nlm.nih.gov/mesh/D000072336,D000072336,Mucosal-Associated Invariant T Cells
http://id.nlm.nih.gov/mesh/D009470,D009470,Muscle Spindles
http://id.nlm.nih.gov/mesh/D018482,D018482,"Muscle, Skeletal"
http://id.nlm.nih.gov/mesh/D009130,D009130,"Muscle, Smooth"
http://id.nlm.nih.gov/mesh/D009131,D009131,"Muscle, Smooth, Vascular"
http://id.nlm.nih.gov/mesh/D009132,D009132,Muscles
http://id.nlm.nih.gov/mesh/D009138,D009138,Musculocutaneous Nerve
http://id.nlm.nih.gov/mesh/D009141,D009141,Musculoskeletal System
http://id.nlm.nih.gov/mesh/D054024,D054024,Myelencephalon
http://id.nlm.nih.gov/mesh/D009186,D009186,Myelin Sheath
http://id.nlm.nih.gov/mesh/D023461,D023461,Myeloid Progenitor Cells
http://id.nlm.nih.gov/mesh/D009197,D009197,Myenteric Plexus
http://id.nlm.nih.gov/mesh/D032386,D032386,"Myoblasts, Cardiac"
http://id.nlm.nih.gov/mesh/D009206,D009206,Myocardium
http://id.nlm.nih.gov/mesh/D032383,D032383,"Myocytes, Cardiac"
http://id.nlm.nih.gov/mesh/D009215,D009215,Myometrium
http://id.nlm.nih.gov/mesh/D000094364,D000094364,Myotendinous Junction
http://id.nlm.nih.gov/mesh/D009295,D009295,Nasal Bone
http://id.nlm.nih.gov/mesh/D055171,D055171,Nasal Cartilages
http://id.nlm.nih.gov/mesh/D009296,D009296,Nasal Cavity
http://id.nlm.nih.gov/mesh/D009297,D009297,Nasal Mucosa
http://id.nlm.nih.gov/mesh/D009300,D009300,Nasal Septum
http://id.nlm.nih.gov/mesh/D009301,D009301,Nasolacrimal Duct
http://id.nlm.nih.gov/mesh/D009305,D009305,Nasopharynx
http://id.nlm.nih.gov/mesh/D055611,D055611,Natural Killer T-Cells
http://id.nlm.nih.gov/mesh/D009334,D009334,Neck Muscles
http://id.nlm.nih.gov/mesh/D019579,D019579,Neocortex
http://id.nlm.nih.gov/mesh/D017072,D017072,Neostriatum
http://id.nlm.nih.gov/mesh/D009399,D009399,Nephrons
http://id.nlm.nih.gov/mesh/D009411,D009411,Nerve Endings
http://id.nlm.nih.gov/mesh/D009412,D009412,Nerve Fibers
http://id.nlm.nih.gov/mesh/D009413,D009413,"Nerve Fibers, Myelinated"
http://id.nlm.nih.gov/mesh/D036421,D036421,"Nerve Fibers, Unmyelinated"
http://id.nlm.nih.gov/mesh/D009415,D009415,Nerve Net
http://id.nlm.nih.gov/mesh/D009420,D009420,Nervous System
http://id.nlm.nih.gov/mesh/D009430,D009430,Neural Analyzers
http://id.nlm.nih.gov/mesh/D009434,D009434,Neural Pathways
http://id.nlm.nih.gov/mesh/D009441,D009441,Neurilemma
http://id.nlm.nih.gov/mesh/D016501,D016501,Neurites
http://id.nlm.nih.gov/mesh/D009451,D009451,Neuroeffector Junction
http://id.nlm.nih.gov/mesh/D046568,D046568,Neuroepithelial Bodies
http://id.nlm.nih.gov/mesh/D046569,D046569,Neuroepithelial Cells
http://id.nlm.nih.gov/mesh/D016874,D016874,Neurofibrillary Tangles
http://id.nlm.nih.gov/mesh/D009454,D009454,Neurofibrils
http://id.nlm.nih.gov/mesh/D009457,D009457,Neuroglia
http://id.nlm.nih.gov/mesh/D009469,D009469,Neuromuscular Junction
http://id.nlm.nih.gov/mesh/D009474,D009474,Neurons
http://id.nlm.nih.gov/mesh/D009475,D009475,"Neurons, Afferent"
http://id.nlm.nih.gov/mesh/D009476,D009476,"Neurons, Efferent"
http://id.nlm.nih.gov/mesh/D019581,D019581,Neuropil
http://id.nlm.nih.gov/mesh/D019600,D019600,Neuropil Threads
http://id.nlm.nih.gov/mesh/D009490,D009490,Neurosecretory Systems
http://id.nlm.nih.gov/mesh/D009504,D009504,Neutrophils
http://id.nlm.nih.gov/mesh/D009558,D009558,Nipples
http://id.nlm.nih.gov/mesh/D009562,D009562,Nissl Bodies
http://id.nlm.nih.gov/mesh/D026602,D026602,Nitrergic Neurons
http://id.nlm.nih.gov/mesh/D009619,D009619,Nociceptors
http://id.nlm.nih.gov/mesh/D009620,D009620,Nodose Ganglion
http://id.nlm.nih.gov/mesh/D009666,D009666,Nose
http://id.nlm.nih.gov/mesh/D009714,D009714,Nucleus Accumbens
http://id.nlm.nih.gov/mesh/D000070614,D000070614,Nucleus Pulposus
http://id.nlm.nih.gov/mesh/D065846,D065846,Nucleus Raphe Magnus
http://id.nlm.nih.gov/mesh/D065849,D065849,Nucleus Raphe Obscurus
http://id.nlm.nih.gov/mesh/D065848,D065848,Nucleus Raphe Pallidus
http://id.nlm.nih.gov/mesh/D009776,D009776,Obturator Nerve
http://id.nlm.nih.gov/mesh/D009777,D009777,Occipital Bone
http://id.nlm.nih.gov/mesh/D009778,D009778,Occipital Lobe
http://id.nlm.nih.gov/mesh/D009801,D009801,Oculomotor Muscles
http://id.nlm.nih.gov/mesh/D009802,D009802,Oculomotor Nerve
http://id.nlm.nih.gov/mesh/D065838,D065838,Oculomotor Nuclear Complex
http://id.nlm.nih.gov/mesh/D009809,D009809,Odontoid Process
http://id.nlm.nih.gov/mesh/D056740,D056740,Olecranon Process
http://id.nlm.nih.gov/mesh/D009830,D009830,Olfactory Bulb
http://id.nlm.nih.gov/mesh/D066194,D066194,Olfactory Cortex
http://id.nlm.nih.gov/mesh/D009831,D009831,Olfactory Mucosa
http://id.nlm.nih.gov/mesh/D009832,D009832,Olfactory Nerve
http://id.nlm.nih.gov/mesh/D009833,D009833,Olfactory Pathways
http://id.nlm.nih.gov/mesh/D018034,D018034,Olfactory Receptor Neurons
http://id.nlm.nih.gov/mesh/D066208,D066208,Olfactory Tubercle
http://id.nlm.nih.gov/mesh/D000073637,D000073637,Oligodendrocyte Precursor Cells
http://id.nlm.nih.gov/mesh/D009836,D009836,Oligodendroglia
http://id.nlm.nih.gov/mesh/D009847,D009847,Olivary Nucleus
http://id.nlm.nih.gov/mesh/D009865,D009865,Oocytes
http://id.nlm.nih.gov/mesh/D009867,D009867,Oogonia
http://id.nlm.nih.gov/mesh/D009880,D009880,Ophthalmic Artery
http://id.nlm.nih.gov/mesh/D009882,D009882,Ophthalmic Nerve
http://id.nlm.nih.gov/mesh/D009897,D009897,Optic Chiasm
http://id.nlm.nih.gov/mesh/D009898,D009898,Optic Disk
http://id.nlm.nih.gov/mesh/D009900,D009900,Optic Nerve
http://id.nlm.nih.gov/mesh/D065866,D065866,Optic Tract
http://id.nlm.nih.gov/mesh/D009915,D009915,Orbit
http://id.nlm.nih.gov/mesh/D066278,D066278,Organum Vasculosum
http://id.nlm.nih.gov/mesh/D009960,D009960,Oropharynx
http://id.nlm.nih.gov/mesh/D006080,D006080,Ovarian Follicle
http://id.nlm.nih.gov/mesh/D010053,D010053,Ovary
http://id.nlm.nih.gov/mesh/D010063,D010063,Ovum
http://id.nlm.nih.gov/mesh/D010141,D010141,Pacinian Corpuscles
http://id.nlm.nih.gov/mesh/D010156,D010156,Palatal Muscles
http://id.nlm.nih.gov/mesh/D021362,D021362,"Palate, Hard"
http://id.nlm.nih.gov/mesh/D014066,D014066,Palatine Tonsil
http://id.nlm.nih.gov/mesh/D053401,D053401,Palmar Plate
http://id.nlm.nih.gov/mesh/D010179,D010179,Pancreas
http://id.nlm.nih.gov/mesh/D046790,D046790,"Pancreas, Exocrine"
http://id.nlm.nih.gov/mesh/D010183,D010183,Pancreatic Ducts
http://id.nlm.nih.gov/mesh/D050418,D050418,Pancreatic Polypeptide-Secreting Cells
http://id.nlm.nih.gov/mesh/D019879,D019879,Paneth Cells
http://id.nlm.nih.gov/mesh/D010210,D010210,Papillary Muscles
http://id.nlm.nih.gov/mesh/D065823,D065823,Parabrachial Nucleus
http://id.nlm.nih.gov/mesh/D010234,D010234,"Paraganglia, Nonchromaffin"
http://id.nlm.nih.gov/mesh/D020534,D020534,Parahippocampal Gyrus
http://id.nlm.nih.gov/mesh/D010256,D010256,Paranasal Sinuses
http://id.nlm.nih.gov/mesh/D000080886,D000080886,Parapharyngeal Space
http://id.nlm.nih.gov/mesh/D064170,D064170,Paraspinal Muscles
http://id.nlm.nih.gov/mesh/D017777,D017777,"Parasympathetic Fibers, Postganglionic"
http://id.nlm.nih.gov/mesh/D010275,D010275,Parasympathetic Nervous System
http://id.nlm.nih.gov/mesh/D010286,D010286,Paraventricular Hypothalamic Nucleus
http://id.nlm.nih.gov/mesh/D010294,D010294,Parietal Bone
http://id.nlm.nih.gov/mesh/D010295,D010295,"Parietal Cells, Gastric"
http://id.nlm.nih.gov/mesh/D010296,D010296,Parietal Lobe
http://id.nlm.nih.gov/mesh/D010306,D010306,Parotid Gland
http://id.nlm.nih.gov/mesh/D065842,D065842,Pars Compacta
http://id.nlm.nih.gov/mesh/D065841,D065841,Pars Reticulata
http://id.nlm.nih.gov/mesh/D010329,D010329,Patella
http://id.nlm.nih.gov/mesh/D017847,D017847,Patellar Ligament
http://id.nlm.nih.gov/mesh/D057071,D057071,Patellofemoral Joint
http://id.nlm.nih.gov/mesh/D010369,D010369,Pectoralis Muscles
http://id.nlm.nih.gov/mesh/D045042,D045042,Pedunculopontine Tegmental Nucleus
http://id.nlm.nih.gov/mesh/D010384,D010384,Pelvic Bones
http://id.nlm.nih.gov/mesh/D017773,D017773,Pelvic Floor
http://id.nlm.nih.gov/mesh/D010413,D010413,Penis
http://id.nlm.nih.gov/mesh/D019580,D019580,Perforant Pathway
http://id.nlm.nih.gov/mesh/D066277,D066277,Periamygdaloid Cortex
http://id.nlm.nih.gov/mesh/D010487,D010487,Periaqueductal Gray
http://id.nlm.nih.gov/mesh/D000069236,D000069236,Pericardial Fluid
http://id.nlm.nih.gov/mesh/D010496,D010496,Pericardium
http://id.nlm.nih.gov/mesh/D020286,D020286,Pericytes
http://id.nlm.nih.gov/mesh/D010525,D010525,Peripheral Nerves
http://id.nlm.nih.gov/mesh/D017933,D017933,Peripheral Nervous System
http://id.nlm.nih.gov/mesh/D000071039,D000071039,Perirhinal Cortex
http://id.nlm.nih.gov/mesh/D010543,D010543,Peroneal Nerve
http://id.nlm.nih.gov/mesh/D010579,D010579,Petrous Bone
http://id.nlm.nih.gov/mesh/D010581,D010581,Peyer's Patches
http://id.nlm.nih.gov/mesh/D010586,D010586,Phagocytes
http://id.nlm.nih.gov/mesh/D010609,D010609,Pharyngeal Muscles
http://id.nlm.nih.gov/mesh/D010614,D010614,Pharynx
http://id.nlm.nih.gov/mesh/D010786,D010786,Photoreceptor Cells
http://id.nlm.nih.gov/mesh/D020419,D020419,"Photoreceptor Cells, Vertebrate"
http://id.nlm.nih.gov/mesh/D055212,D055212,Photoreceptor Connecting Cilium
http://id.nlm.nih.gov/mesh/D010791,D010791,Phrenic Nerve
http://id.nlm.nih.gov/mesh/D010841,D010841,Pia Mater
http://id.nlm.nih.gov/mesh/D010857,D010857,Pigment Epithelium of Eye
http://id.nlm.nih.gov/mesh/D010870,D010870,Pineal Gland
http://id.nlm.nih.gov/mesh/D066195,D066195,Piriform Cortex
http://id.nlm.nih.gov/mesh/D051220,D051220,Pisiform Bone
http://id.nlm.nih.gov/mesh/D010902,D010902,Pituitary Gland
http://id.nlm.nih.gov/mesh/D010903,D010903,"Pituitary Gland, Anterior"
http://id.nlm.nih.gov/mesh/D052716,D052716,"Pituitary Gland, Intermediate"
http://id.nlm.nih.gov/mesh/D010904,D010904,"Pituitary Gland, Posterior"
http://id.nlm.nih.gov/mesh/D000071037,D000071037,Place Cells
http://id.nlm.nih.gov/mesh/D010920,D010920,Placenta
http://id.nlm.nih.gov/mesh/D000069262,D000069262,Plantar Plate
http://id.nlm.nih.gov/mesh/D010949,D010949,Plasma
http://id.nlm.nih.gov/mesh/D010950,D010950,Plasma Cells
http://id.nlm.nih.gov/mesh/D053657,D053657,Platelet-Rich Plasma
http://id.nlm.nih.gov/mesh/D010994,D010994,Pleura
http://id.nlm.nih.gov/mesh/D050199,D050199,Podocytes
http://id.nlm.nih.gov/mesh/D059705,D059705,Polar Bodies
http://id.nlm.nih.gov/mesh/D011149,D011149,Pons
http://id.nlm.nih.gov/mesh/D065821,D065821,Pontine Tegmentum
http://id.nlm.nih.gov/mesh/D011150,D011150,Popliteal Artery
http://id.nlm.nih.gov/mesh/D011152,D011152,Popliteal Vein
http://id.nlm.nih.gov/mesh/D011168,D011168,Portal System
http://id.nlm.nih.gov/mesh/D011169,D011169,Portal Vein
http://id.nlm.nih.gov/mesh/D057907,D057907,Post-Synaptic Density
http://id.nlm.nih.gov/mesh/D057852,D057852,Posterior Capsule of the Lens
http://id.nlm.nih.gov/mesh/D066243,D066243,Posterior Cerebellar Commissure
http://id.nlm.nih.gov/mesh/D020769,D020769,Posterior Cerebral Artery
http://id.nlm.nih.gov/mesh/D016119,D016119,Posterior Cruciate Ligament
http://id.nlm.nih.gov/mesh/D057972,D057972,Posterior Eye Segment
http://id.nlm.nih.gov/mesh/D020671,D020671,Posterior Horn Cells
http://id.nlm.nih.gov/mesh/D020656,D020656,Posterior Thalamic Nuclei
http://id.nlm.nih.gov/mesh/D017397,D017397,Prefrontal Cortex
http://id.nlm.nih.gov/mesh/D011301,D011301,Preoptic Area
http://id.nlm.nih.gov/mesh/D011311,D011311,Pressoreceptors
http://id.nlm.nih.gov/mesh/D017729,D017729,Presynaptic Terminals
http://id.nlm.nih.gov/mesh/D066250,D066250,Pretectal Region
http://id.nlm.nih.gov/mesh/D000087642,D000087642,Primary Visual Cortex
http://id.nlm.nih.gov/mesh/D016548,D016548,Prosencephalon
http://id.nlm.nih.gov/mesh/D011467,D011467,Prostate
http://id.nlm.nih.gov/mesh/D016658,D016658,Psoas Muscles
http://id.nlm.nih.gov/mesh/D011626,D011626,Pterygoid Muscles
http://id.nlm.nih.gov/mesh/D056739,D056739,Pterygopalatine Fossa
http://id.nlm.nih.gov/mesh/D011630,D011630,Pubic Bone
http://id.nlm.nih.gov/mesh/D011631,D011631,Pubic Symphysis
http://id.nlm.nih.gov/mesh/D060525,D060525,Pudendal Nerve
http://id.nlm.nih.gov/mesh/D011650,D011650,Pulmonary Alveoli
http://id.nlm.nih.gov/mesh/D011651,D011651,Pulmonary Artery
http://id.nlm.nih.gov/mesh/D011661,D011661,Pulmonary Stretch Receptors
http://id.nlm.nih.gov/mesh/D011664,D011664,Pulmonary Valve
http://id.nlm.nih.gov/mesh/D011667,D011667,Pulmonary Veins
http://id.nlm.nih.gov/mesh/D020649,D020649,Pulvinar
http://id.nlm.nih.gov/mesh/D011680,D011680,Pupil
http://id.nlm.nih.gov/mesh/D011689,D011689,Purkinje Cells
http://id.nlm.nih.gov/mesh/D011690,D011690,Purkinje Fibers
http://id.nlm.nih.gov/mesh/D011699,D011699,Putamen
http://id.nlm.nih.gov/mesh/D011706,D011706,Pyloric Antrum
http://id.nlm.nih.gov/mesh/D011708,D011708,Pylorus
http://id.nlm.nih.gov/mesh/D017966,D017966,Pyramidal Cells
http://id.nlm.nih.gov/mesh/D011712,D011712,Pyramidal Tracts
http://id.nlm.nih.gov/mesh/D056144,D056144,Pyriform Sinus
http://id.nlm.nih.gov/mesh/D052097,D052097,Quadriceps Muscle
http://id.nlm.nih.gov/mesh/D017534,D017534,Radial Artery
http://id.nlm.nih.gov/mesh/D011826,D011826,Radial Nerve
http://id.nlm.nih.gov/mesh/D011884,D011884,Radius
http://id.nlm.nih.gov/mesh/D011901,D011901,Ranvier's Nodes
http://id.nlm.nih.gov/mesh/D011903,D011903,Raphe Nuclei
http://id.nlm.nih.gov/mesh/D012007,D012007,Rectum
http://id.nlm.nih.gov/mesh/D017568,D017568,Rectus Abdominis
http://id.nlm.nih.gov/mesh/D012009,D012009,Recurrent Laryngeal Nerve
http://id.nlm.nih.gov/mesh/D012012,D012012,Red Nucleus
http://id.nlm.nih.gov/mesh/D012077,D012077,Renal Artery
http://id.nlm.nih.gov/mesh/D012082,D012082,Renal Veins
http://id.nlm.nih.gov/mesh/D066293,D066293,Renshaw Cells
http://id.nlm.nih.gov/mesh/D012125,D012125,Respiratory Center
http://id.nlm.nih.gov/mesh/D020545,D020545,Respiratory Mucosa
http://id.nlm.nih.gov/mesh/D012132,D012132,Respiratory Muscles
http://id.nlm.nih.gov/mesh/D012137,D012137,Respiratory System
http://id.nlm.nih.gov/mesh/D012152,D012152,Rete Testis
http://id.nlm.nih.gov/mesh/D012154,D012154,Reticular Formation
http://id.nlm.nih.gov/mesh/D012156,D012156,Reticulocytes
http://id.nlm.nih.gov/mesh/D012160,D012160,Retina
http://id.nlm.nih.gov/mesh/D012161,D012161,Retinal Artery
http://id.nlm.nih.gov/mesh/D051245,D051245,Retinal Bipolar Cells
http://id.nlm.nih.gov/mesh/D017949,D017949,Retinal Cone Photoreceptor Cells
http://id.nlm.nih.gov/mesh/D012165,D012165,Retinal Ganglion Cells
http://id.nlm.nih.gov/mesh/D051248,D051248,Retinal Horizontal Cells
http://id.nlm.nih.gov/mesh/D055351,D055351,Retinal Neurons
http://id.nlm.nih.gov/mesh/D055211,D055211,Retinal Photoreceptor Cell Inner Segment
http://id.nlm.nih.gov/mesh/D055214,D055214,Retinal Photoreceptor Cell Outer Segment
http://id.nlm.nih.gov/mesh/D055213,D055213,Retinal Pigment Epithelium
http://id.nlm.nih.gov/mesh/D017948,D017948,Retinal Rod Photoreceptor Cells
http://id.nlm.nih.gov/mesh/D012169,D012169,Retinal Vein
http://id.nlm.nih.gov/mesh/D012171,D012171,Retinal Vessels
http://id.nlm.nih.gov/mesh/D012249,D012249,Rhombencephalon
http://id.nlm.nih.gov/mesh/D000070602,D000070602,Rib Cage
http://id.nlm.nih.gov/mesh/D012272,D012272,Ribs
http://id.nlm.nih.gov/mesh/D012374,D012374,Rod Cell Outer Segment
http://id.nlm.nih.gov/mesh/D017006,D017006,Rotator Cuff
http://id.nlm.nih.gov/mesh/D000069593,D000069593,Round Ligament of Femur
http://id.nlm.nih.gov/mesh/D000069592,D000069592,Round Ligament of Liver
http://id.nlm.nih.gov/mesh/D012404,D012404,Round Ligament of Uterus
http://id.nlm.nih.gov/mesh/D000069590,D000069590,Round Ligaments
http://id.nlm.nih.gov/mesh/D012446,D012446,Sacroiliac Joint
http://id.nlm.nih.gov/mesh/D012447,D012447,Sacrum
http://id.nlm.nih.gov/mesh/D018987,D018987,Salivary Ducts
http://id.nlm.nih.gov/mesh/D012469,D012469,Salivary Glands
http://id.nlm.nih.gov/mesh/D012470,D012470,"Salivary Glands, Minor"
http://id.nlm.nih.gov/mesh/D012501,D012501,Saphenous Vein
http://id.nlm.nih.gov/mesh/D027161,D027161,"Satellite Cells, Perineuronal"
http://id.nlm.nih.gov/mesh/D021361,D021361,Scaphoid Bone
http://id.nlm.nih.gov/mesh/D012540,D012540,Scapula
http://id.nlm.nih.gov/mesh/D000094282,D000094282,Schaffer Collaterals
http://id.nlm.nih.gov/mesh/D000092662,D000092662,Schlemm's Canal
http://id.nlm.nih.gov/mesh/D012583,D012583,Schwann Cells
http://id.nlm.nih.gov/mesh/D012584,D012584,Sciatic Nerve
http://id.nlm.nih.gov/mesh/D012590,D012590,Sclera
http://id.nlm.nih.gov/mesh/D012611,D012611,Scrotum
http://id.nlm.nih.gov/mesh/D012627,D012627,Sebaceous Glands
http://id.nlm.nih.gov/mesh/D012658,D012658,Sella Turcica
http://id.nlm.nih.gov/mesh/D012669,D012669,Seminal Vesicles
http://id.nlm.nih.gov/mesh/D012670,D012670,Seminiferous Epithelium
http://id.nlm.nih.gov/mesh/D012671,D012671,Seminiferous Tubules
http://id.nlm.nih.gov/mesh/D066191,D066191,Sensorimotor Cortex
http://id.nlm.nih.gov/mesh/D011984,D011984,Sensory Receptor Cells
http://id.nlm.nih.gov/mesh/D000071036,D000071036,Sentinel Lymph Node
http://id.nlm.nih.gov/mesh/D012686,D012686,Septal Nuclei
http://id.nlm.nih.gov/mesh/D012688,D012688,Septum Pellucidum
http://id.nlm.nih.gov/mesh/D020665,D020665,Septum of Brain
http://id.nlm.nih.gov/mesh/D059326,D059326,Serotonergic Neurons
http://id.nlm.nih.gov/mesh/D012708,D012708,Sertoli Cells
http://id.nlm.nih.gov/mesh/D044967,D044967,Serum
http://id.nlm.nih.gov/mesh/D012716,D012716,Sesamoid Bones
http://id.nlm.nih.gov/mesh/D012785,D012785,Shoulder Joint
http://id.nlm.nih.gov/mesh/D012849,D012849,Sinoatrial Node
http://id.nlm.nih.gov/mesh/D012850,D012850,Sinus of Valsalva
http://id.nlm.nih.gov/mesh/D012863,D012863,Skeleton
http://id.nlm.nih.gov/mesh/D012867,D012867,Skin
http://id.nlm.nih.gov/mesh/D012886,D012886,Skull
http://id.nlm.nih.gov/mesh/D019291,D019291,Skull Base
http://id.nlm.nih.gov/mesh/D017552,D017552,Solitary Nucleus
http://id.nlm.nih.gov/mesh/D013003,D013003,Somatosensory Cortex
http://id.nlm.nih.gov/mesh/D019864,D019864,Somatostatin-Secreting Cells
http://id.nlm.nih.gov/mesh/D052683,D052683,Somatotrophs
http://id.nlm.nih.gov/mesh/D013077,D013077,Sperm Head
http://id.nlm.nih.gov/mesh/D032961,D032961,Sperm Midpiece
http://id.nlm.nih.gov/mesh/D013082,D013082,Sperm Tail
http://id.nlm.nih.gov/mesh/D013085,D013085,Spermatic Cord
http://id.nlm.nih.gov/mesh/D013087,D013087,Spermatids
http://id.nlm.nih.gov/mesh/D013090,D013090,Spermatocytes
http://id.nlm.nih.gov/mesh/D013093,D013093,Spermatogonia
http://id.nlm.nih.gov/mesh/D013094,D013094,Spermatozoa
http://id.nlm.nih.gov/mesh/D013100,D013100,Sphenoid Bone
http://id.nlm.nih.gov/mesh/D013101,D013101,Sphenoid Sinus
http://id.nlm.nih.gov/mesh/D013102,D013102,Spherocytes
http://id.nlm.nih.gov/mesh/D009803,D009803,Sphincter of Oddi
http://id.nlm.nih.gov/mesh/D013115,D013115,Spinal Canal
http://id.nlm.nih.gov/mesh/D013116,D013116,Spinal Cord
http://id.nlm.nih.gov/mesh/D066148,D066148,Spinal Cord Dorsal Horn
http://id.nlm.nih.gov/mesh/D066152,D066152,Spinal Cord Lateral Horn
http://id.nlm.nih.gov/mesh/D066151,D066151,Spinal Cord Ventral Horn
http://id.nlm.nih.gov/mesh/D013126,D013126,Spinal Nerve Roots
http://id.nlm.nih.gov/mesh/D013127,D013127,Spinal Nerves
http://id.nlm.nih.gov/mesh/D013131,D013131,Spine
http://id.nlm.nih.gov/mesh/D020824,D020824,Spinocerebellar Tracts
http://id.nlm.nih.gov/mesh/D013133,D013133,Spinothalamic Tracts
http://id.nlm.nih.gov/mesh/D013136,D013136,Spiral Ganglion
http://id.nlm.nih.gov/mesh/D013153,D013153,Splanchnic Nerves
http://id.nlm.nih.gov/mesh/D013154,D013154,Spleen
http://id.nlm.nih.gov/mesh/D013157,D013157,Splenic Artery
http://id.nlm.nih.gov/mesh/D013162,D013162,Splenic Vein
http://id.nlm.nih.gov/mesh/D013198,D013198,Stapedius
http://id.nlm.nih.gov/mesh/D013233,D013233,Stellate Ganglion
http://id.nlm.nih.gov/mesh/D013247,D013247,Sternoclavicular Joint
http://id.nlm.nih.gov/mesh/D013248,D013248,Sternocostal Joints
http://id.nlm.nih.gov/mesh/D013249,D013249,Sternum
http://id.nlm.nih.gov/mesh/D013270,D013270,Stomach
http://id.nlm.nih.gov/mesh/D013346,D013346,Subarachnoid Space
http://id.nlm.nih.gov/mesh/D013348,D013348,Subclavian Artery
http://id.nlm.nih.gov/mesh/D013350,D013350,Subclavian Vein
http://id.nlm.nih.gov/mesh/D013351,D013351,Subcommissural Organ
http://id.nlm.nih.gov/mesh/D050151,D050151,Subcutaneous Fat
http://id.nlm.nih.gov/mesh/D050507,D050507,"Subcutaneous Fat, Abdominal"
http://id.nlm.nih.gov/mesh/D013355,D013355,Subdural Space
http://id.nlm.nih.gov/mesh/D013356,D013356,Subfornical Organ
http://id.nlm.nih.gov/mesh/D013361,D013361,Sublingual Gland
http://id.nlm.nih.gov/mesh/D013363,D013363,Submandibular Gland
http://id.nlm.nih.gov/mesh/D013368,D013368,Submucous Plexus
http://id.nlm.nih.gov/mesh/D013376,D013376,Substantia Gelatinosa
http://id.nlm.nih.gov/mesh/D013377,D013377,Substantia Innominata
http://id.nlm.nih.gov/mesh/D013378,D013378,Substantia Nigra
http://id.nlm.nih.gov/mesh/D013380,D013380,Subtalar Joint
http://id.nlm.nih.gov/mesh/D020531,D020531,Subthalamic Nucleus
http://id.nlm.nih.gov/mesh/D020530,D020530,Subthalamus
http://id.nlm.nih.gov/mesh/D064171,D064171,Superficial Back Muscles
http://id.nlm.nih.gov/mesh/D017783,D017783,Superior Cervical Ganglion
http://id.nlm.nih.gov/mesh/D013477,D013477,Superior Colliculi
http://id.nlm.nih.gov/mesh/D065832,D065832,Superior Olivary Complex
http://id.nlm.nih.gov/mesh/D054063,D054063,Superior Sagittal Sinus
http://id.nlm.nih.gov/mesh/D013493,D013493,Suprachiasmatic Nucleus
http://id.nlm.nih.gov/mesh/D000074523,D000074523,Suprachiasmatic Nucleus Neurons
http://id.nlm.nih.gov/mesh/D013495,D013495,Supraoptic Nucleus
http://id.nlm.nih.gov/mesh/D013497,D013497,Sural Nerve
http://id.nlm.nih.gov/mesh/D013545,D013545,Sweat Glands
http://id.nlm.nih.gov/mesh/D017779,D017779,"Sympathetic Fibers, Postganglionic"
http://id.nlm.nih.gov/mesh/D013564,D013564,Sympathetic Nervous System
http://id.nlm.nih.gov/mesh/D000084602,D000084602,Sympathoadrenal System
http://id.nlm.nih.gov/mesh/D013569,D013569,Synapses
http://id.nlm.nih.gov/mesh/D013570,D013570,Synaptic Membranes
http://id.nlm.nih.gov/mesh/D013572,D013572,Synaptic Vesicles
http://id.nlm.nih.gov/mesh/D013582,D013582,Synovial Fluid
http://id.nlm.nih.gov/mesh/D013583,D013583,Synovial Membrane
http://id.nlm.nih.gov/mesh/D000084522,D000084522,T Follicular Helper Cells
http://id.nlm.nih.gov/mesh/D016176,D016176,T-Lymphocyte Subsets
http://id.nlm.nih.gov/mesh/D013601,D013601,T-Lymphocytes
http://id.nlm.nih.gov/mesh/D013602,D013602,"T-Lymphocytes, Cytotoxic"
http://id.nlm.nih.gov/mesh/D006377,D006377,"T-Lymphocytes, Helper-Inducer"
http://id.nlm.nih.gov/mesh/D050378,D050378,"T-Lymphocytes, Regulatory"
http://id.nlm.nih.gov/mesh/D013628,D013628,Talus
http://id.nlm.nih.gov/mesh/D013639,D013639,Tarsal Bones
http://id.nlm.nih.gov/mesh/D013640,D013640,Tarsal Joints
http://id.nlm.nih.gov/mesh/D013650,D013650,Taste Buds
http://id.nlm.nih.gov/mesh/D065844,D065844,Tectospinal Fibers
http://id.nlm.nih.gov/mesh/D003336,D003336,Tectum Mesencephali
http://id.nlm.nih.gov/mesh/D013681,D013681,Tegmentum Mesencephali
http://id.nlm.nih.gov/mesh/D066245,D066245,Telencephalic Commissures
http://id.nlm.nih.gov/mesh/D013687,D013687,Telencephalon
http://id.nlm.nih.gov/mesh/D013699,D013699,Temporal Arteries
http://id.nlm.nih.gov/mesh/D013701,D013701,Temporal Bone
http://id.nlm.nih.gov/mesh/D013702,D013702,Temporal Lobe
http://id.nlm.nih.gov/mesh/D013703,D013703,Temporal Muscle
http://id.nlm.nih.gov/mesh/D013704,D013704,Temporomandibular Joint
http://id.nlm.nih.gov/mesh/D019224,D019224,Temporomandibular Joint Disc
http://id.nlm.nih.gov/mesh/D013710,D013710,Tendons
http://id.nlm.nih.gov/mesh/D058475,D058475,Tenon Capsule
http://id.nlm.nih.gov/mesh/D013719,D013719,Tensor Tympani
http://id.nlm.nih.gov/mesh/D000072717,D000072717,Tertiary Lymphoid Structures
http://id.nlm.nih.gov/mesh/D013737,D013737,Testis
http://id.nlm.nih.gov/mesh/D018417,D018417,Th1 Cells
http://id.nlm.nih.gov/mesh/D058504,D058504,Th17 Cells
http://id.nlm.nih.gov/mesh/D018418,D018418,Th2 Cells
http://id.nlm.nih.gov/mesh/D013787,D013787,Thalamic Nuclei
http://id.nlm.nih.gov/mesh/D013788,D013788,Thalamus
http://id.nlm.nih.gov/mesh/D013799,D013799,Theca Cells
http://id.nlm.nih.gov/mesh/D013823,D013823,Thermoreceptors
http://id.nlm.nih.gov/mesh/D020542,D020542,Third Ventricle
http://id.nlm.nih.gov/mesh/D013895,D013895,Thoracic Arteries
http://id.nlm.nih.gov/mesh/D013897,D013897,Thoracic Duct
http://id.nlm.nih.gov/mesh/D013900,D013900,Thoracic Nerves
http://id.nlm.nih.gov/mesh/D013904,D013904,Thoracic Vertebrae
http://id.nlm.nih.gov/mesh/D013950,D013950,Thymus Gland
http://id.nlm.nih.gov/mesh/D013957,D013957,Thyroid Cartilage
http://id.nlm.nih.gov/mesh/D052684,D052684,Thyrotrophs
http://id.nlm.nih.gov/mesh/D013977,D013977,Tibia
http://id.nlm.nih.gov/mesh/D016909,D016909,Tibial Arteries
http://id.nlm.nih.gov/mesh/D013979,D013979,Tibial Nerve
http://id.nlm.nih.gov/mesh/D000097547,D000097547,Tibiofemoral Joint
http://id.nlm.nih.gov/mesh/D014033,D014033,Toe Joint
http://id.nlm.nih.gov/mesh/D050277,D050277,Toe Phalanges
http://id.nlm.nih.gov/mesh/D014059,D014059,Tongue
http://id.nlm.nih.gov/mesh/D020390,D020390,Tooth Socket
http://id.nlm.nih.gov/mesh/D014129,D014129,Trabecular Meshwork
http://id.nlm.nih.gov/mesh/D014132,D014132,Trachea
http://id.nlm.nih.gov/mesh/D054064,D054064,Transverse Sinuses
http://id.nlm.nih.gov/mesh/D051222,D051222,Trapezium Bone
http://id.nlm.nih.gov/mesh/D065833,D065833,Trapezoid Body
http://id.nlm.nih.gov/mesh/D051223,D051223,Trapezoid Bone
http://id.nlm.nih.gov/mesh/D051478,D051478,Triangular Fibrocartilage
http://id.nlm.nih.gov/mesh/D014261,D014261,Tricuspid Valve
http://id.nlm.nih.gov/mesh/D014275,D014275,Trigeminal Caudal Nucleus
http://id.nlm.nih.gov/mesh/D012668,D012668,Trigeminal Ganglion
http://id.nlm.nih.gov/mesh/D066266,D066266,Trigeminal Motor Nucleus
http://id.nlm.nih.gov/mesh/D014276,D014276,Trigeminal Nerve
http://id.nlm.nih.gov/mesh/D014278,D014278,Trigeminal Nuclei
http://id.nlm.nih.gov/mesh/D014279,D014279,"Trigeminal Nucleus, Spinal"
http://id.nlm.nih.gov/mesh/D051221,D051221,Triquetrum Bone
http://id.nlm.nih.gov/mesh/D014321,D014321,Trochlear Nerve
http://id.nlm.nih.gov/mesh/D014327,D014327,Trophoblasts
http://id.nlm.nih.gov/mesh/D014338,D014338,Truncus Arteriosus
http://id.nlm.nih.gov/mesh/D014371,D014371,Tuber Cinereum
http://id.nlm.nih.gov/mesh/D000095491,D000095491,Tuft Cells
http://id.nlm.nih.gov/mesh/D000084582,D000084582,Tumor-Associated Macrophages
http://id.nlm.nih.gov/mesh/D017539,D017539,Tunica Intima
http://id.nlm.nih.gov/mesh/D017540,D017540,Tunica Media
http://id.nlm.nih.gov/mesh/D014420,D014420,Turbinates
http://id.nlm.nih.gov/mesh/D014457,D014457,Ulna
http://id.nlm.nih.gov/mesh/D017535,D017535,Ulnar Artery
http://id.nlm.nih.gov/mesh/D014459,D014459,Ulnar Nerve
http://id.nlm.nih.gov/mesh/D014469,D014469,Umbilical Arteries
http://id.nlm.nih.gov/mesh/D014471,D014471,Umbilical Veins
http://id.nlm.nih.gov/mesh/D000083382,D000083382,Uncinate Fasciculus
http://id.nlm.nih.gov/mesh/D041742,D041742,Upper Gastrointestinal Tract
http://id.nlm.nih.gov/mesh/D014513,D014513,Ureter
http://id.nlm.nih.gov/mesh/D014521,D014521,Urethra
http://id.nlm.nih.gov/mesh/D001743,D001743,Urinary Bladder
http://id.nlm.nih.gov/mesh/D014551,D014551,Urinary Tract
http://id.nlm.nih.gov/mesh/D014566,D014566,Urogenital System
http://id.nlm.nih.gov/mesh/D055988,D055988,Uterine Artery
http://id.nlm.nih.gov/mesh/D014599,D014599,Uterus
http://id.nlm.nih.gov/mesh/D014602,D014602,Uvea
http://id.nlm.nih.gov/mesh/D014621,D014621,Vagina
http://id.nlm.nih.gov/mesh/D014630,D014630,Vagus Nerve
http://id.nlm.nih.gov/mesh/D014649,D014649,Vas Deferens
http://id.nlm.nih.gov/mesh/D014650,D014650,Vasa Nervorum
http://id.nlm.nih.gov/mesh/D014651,D014651,Vasa Vasorum
http://id.nlm.nih.gov/mesh/D014666,D014666,Vasomotor System
http://id.nlm.nih.gov/mesh/D014680,D014680,Veins
http://id.nlm.nih.gov/mesh/D055158,D055158,Velopharyngeal Sphincter
http://id.nlm.nih.gov/mesh/D014682,D014682,"Vena Cava, Inferior"
http://id.nlm.nih.gov/mesh/D014683,D014683,"Vena Cava, Superior"
http://id.nlm.nih.gov/mesh/D014684,D014684,Venae Cavae
http://id.nlm.nih.gov/mesh/D055422,D055422,Venous Valves
http://id.nlm.nih.gov/mesh/D066328,D066328,Ventral Striatum
http://id.nlm.nih.gov/mesh/D017557,D017557,Ventral Tegmental Area
http://id.nlm.nih.gov/mesh/D020651,D020651,Ventral Thalamic Nuclei
http://id.nlm.nih.gov/mesh/D054088,D054088,Ventricular Septum
http://id.nlm.nih.gov/mesh/D014697,D014697,Ventromedial Hypothalamic Nucleus
http://id.nlm.nih.gov/mesh/D014699,D014699,Venules
http://id.nlm.nih.gov/mesh/D014711,D014711,Vertebral Artery
http://id.nlm.nih.gov/mesh/D000083442,D000083442,Vertebral Body
http://id.nlm.nih.gov/mesh/D014725,D014725,Vestibular Nerve
http://id.nlm.nih.gov/mesh/D014726,D014726,Vestibular Nuclei
http://id.nlm.nih.gov/mesh/D003689,D003689,"Vestibular Nucleus, Lateral"
http://id.nlm.nih.gov/mesh/D000159,D000159,Vestibulocochlear Nerve
http://id.nlm.nih.gov/mesh/D017833,D017833,Visceral Afferents
http://id.nlm.nih.gov/mesh/D014793,D014793,Visual Cortex
http://id.nlm.nih.gov/mesh/D014795,D014795,Visual Pathways
http://id.nlm.nih.gov/mesh/D014822,D014822,Vitreous Body
http://id.nlm.nih.gov/mesh/D014827,D014827,Vocal Cords
http://id.nlm.nih.gov/mesh/D055172,D055172,Vomer
http://id.nlm.nih.gov/mesh/D014844,D014844,Vulva
http://id.nlm.nih.gov/mesh/D065813,D065813,Wernicke Area
http://id.nlm.nih.gov/mesh/D066127,D066127,White Matter
http://id.nlm.nih.gov/mesh/D014955,D014955,Wrist Joint
http://id.nlm.nih.gov/mesh/D014989,D014989,Xiphoid Bone
http://id.nlm.nih.gov/mesh/D015383,D015383,Zona Fasciculata
http://id.nlm.nih.gov/mesh/D015384,D015384,Zona Glomerulosa
http://id.nlm.nih.gov/mesh/D065820,D065820,Zona Incerta
http://id.nlm.nih.gov/mesh/D015044,D015044,Zona Pellucida
http://id.nlm.nih.gov/mesh/D015385,D015385,Zona Reticularis
http://id.nlm.nih.gov/mesh/D021801,D021801,Zygapophyseal Joint
http://id.nlm.nih.gov/mesh/D015050,D015050,Zygoma
http://id.nlm.nih.gov/mesh/D015053,D015053,Zygote
http://id.nlm.nih.gov/mesh/D054838,D054838,von Ebner Glands
